{
  "display": {
    "title": {
      "text": "1.21 Gigawarps"
    },
    "description": {
      "text": "Travel over 50% of the max warp distance through a waystone"
    },
    "icon": {
      "item": "minecraft:redstone_block"
    },
    "show_toast": true,
    "announce_to_chat": true,
    "hidden": false,
    "frame": "challenge",
    "background": "minecraft:textures/block/chiseled_quartz_block.png"
  },
  "criteria": {
    "command": {
      "trigger": "minecraft:impossible"
    }
  },
  "parent": "waystones:clean_energy"
}