{
  "display": {
    "title": {
      "text": "Clean Energy"
    },
    "description": {
      "text": "Use a waystone powered off the same energy source as a beacon"
    },
    "icon": {
      "item": "minecraft:beacon"
    },
    "show_toast": true,
    "announce_to_chat": true,
    "hidden": false,
    "frame": "goal",
    "background": "minecraft:textures/block/chiseled_quartz_block.png"
  },
  "criteria": {
    "command": {
      "trigger": "minecraft:impossible"
    }
  },
  "parent": "waystones:heavy_artillery"
}