{
  "display": {
    "title": {
      "text": "Heavy Artillery"
    },
    "description": {
      "text": "Power up a waystone with a netherite block"
    },
    "icon": {
      "item": "minecraft:netherite_block"
    },
    "show_toast": true,
    "announce_to_chat": true,
    "hidden": false,
    "frame": "goal",
    "background": "minecraft:textures/block/chiseled_quartz_block.png"
  },
  "criteria": {
    "command": {
      "trigger": "minecraft:impossible"
    }
  },
  "parent": "waystones:secret_tunnel"
}