{
  "display": {
    "title": {
      "text": "Shoot the Messenger"
    },
    "description": {
      "text": "Nearly die from a skeleton while attempting to warp away"
    },
    "icon": {
      "item": "minecraft:skeleton_skull"
    },
    "show_toast": true,
    "announce_to_chat": true,
    "hidden": false,
    "frame": "challenge",
    "background": "minecraft:textures/block/chiseled_quartz_block.png"
  },
  "criteria": {
    "command": {
      "trigger": "minecraft:impossible"
    }
  },
  "parent": "waystones:unlimited_power"
}